id,username,password,email,gender,age
1,Freddy,vun8knponzeg,tamatha.muller@gmail.com,m,23
2,Soledad,p39jxn90jerbl,royal.oberbrunner@gmail.com,m,33
3,Pat,nkzdlxlom29or,ezekiel.quigley@gmail.com,f,36
4,Rey,nroqqg5hfoq7,lucas.jerde@gmail.com,f,45
5,Monte,i4dlsdhb8hl,eliseo.farrell@hotmail.com,f,25
6,Janett,pdcr0frmn9fjbw,roosevelt.hackett@gmail.com,f,40
7,Derick,o3ixkd6n8tbx,hana.lemke@gmail.com,m,52
8,Nu,6ra3q7pebrce,brigid.denesik@yahoo.com,m,25
9,Fiona,3ky57tlmqu1nvbz,billie.maggio@hotmail.com,f,39
10,Arnulfo,x6egu3kx2jpm0ld,barton.turcotte@hotmail.com,f,58
11,Howard,0q6rrxek,elliot.kertzmann@hotmail.com,m,48
12,Steven,3rl9udh33,joe.buckridge@yahoo.com,f,59
13,Heriberto,ra9uf1v6o4wklx,wallace.daugherty@yahoo.com,m,31
14,Andrea,o018ji9v7lum,damion.cremin@yahoo.com,f,40
15,Stephen,iy3vg84o6sale5,shaun.beatty@gmail.com,m,41
16,Hayden,534712o8w30,rod.schumm@hotmail.com,m,27
17,Deann,ttmjpawp,myong.dickinson@hotmail.com,m,34
18,Clifton,tdsgd5qtfjk,rowena.nikolaus@yahoo.com,m,33
19,Ilene,n4a4lo6hsqbkdw,marjory.grimes@gmail.com,m,26
20,Clarice,s3xlya4jb0v,laurence.lesch@hotmail.com,f,57
21,Delinda,73x54myclj,julienne.kuhic@hotmail.com,m,20
22,Mackenzie,wtn4ijb146xa,nolan.mosciski@gmail.com,m,34
23,Dewayne,koynuv7viambef,lorena.conroy@yahoo.com,f,30
24,Rodger,f5t2fayq,isiah.purdy@hotmail.com,m,35
25,Lissa,8yauzsttxel5a,marth.veum@yahoo.com,f,35
26,Jerica,4v5yfibogpc,garth.macejkovic@yahoo.com,m,41
27,Shan,f1dy3ksf19z8,louisa.abbott@gmail.com,f,20
28,Sergio,thhfewls,lance.rowe@hotmail.com,m,32
29,Akilah,l7lemcmqhb5,joann.gaylord@yahoo.com,m,23
30,Zetta,5r994ul0isn87,jaqueline.bashirian@hotmail.com,f,22
31,Williams,z1oszb5vg,lucio.botsford@gmail.com,f,34
32,Janene,gnp6wmm9,deidra.pollich@gmail.com,f,39
33,Bea,i6zzn4lso0zd,thomas.reinger@yahoo.com,m,53
34,Gregory,v5ebx3kc,earnest.botsford@yahoo.com,f,35
35,Pablo,1zeck477,euna.greenfelder@yahoo.com,m,40
36,Cleora,jk7w5qowmw,titus.stehr@gmail.com,m,24
37,Isreal,pk8aax4nzotg2s,mirtha.kutch@hotmail.com,m,34
38,Hallie,ejk37qfcrko,jaime.heaney@hotmail.com,m,28
39,Maxima,6fsdapk4vt7gig4,darline.kirlin@yahoo.com,f,33
40,Nestor,6h2mf2n4,dorsey.kilback@hotmail.com,m,60
41,Elnora,1mrxl47s636cnc,dottie.toy@hotmail.com,m,54
42,Reid,3i8od0m68,else.lueilwitz@hotmail.com,f,32
43,Elease,z0j4myw2lp,sydney.shields@yahoo.com,f,34
44,Irwin,6buhjt3l1,ron.smitham@yahoo.com,f,36
45,Robin,6mcxxb71i1phhb6,sung.roberts@hotmail.com,m,41
46,Renate,zstlyb7a7,joane.borer@yahoo.com,f,57
47,Edda,pduamm6con3g,tawanna.bergstrom@yahoo.com,f,42
48,Earleen,4ha6d2p0,everette.fahey@hotmail.com,f,18
49,Gerry,b6kx57zt,martin.cummerata@hotmail.com,m,33
50,Cindy,n58nkktpv5m,brent.cruickshank@hotmail.com,m,44
51,Ferdinand,di6ebz9wtjrv39,cory.ryan@hotmail.com,m,29
52,Clayton,84ma2wmwkq3nnah,emilee.luettgen@gmail.com,m,39
53,Norbert,8npkm3mvum3,cecil.jerde@yahoo.com,m,58
54,Marion,lczkn57xw,delilah.greenholt@hotmail.com,f,19
55,Pearlene,kfl4phk96qvhy3f,ling.lubowitz@yahoo.com,f,23
56,Lavern,630th6j82esto8,tennille.dooley@gmail.com,f,45
57,Bella,2gnoh19mvhu3ez,jolynn.fadel@yahoo.com,f,42
58,Ellsworth,is9c5o2umci9x,robert.rowe@gmail.com,f,30
59,Leana,bvyvbqtcuiczewr,annita.will@yahoo.com,f,36
60,Dorian,4oyp36ic0,denny.corkery@hotmail.com,f,59
61,Esteban,j8xeftiec,angelic.spinka@gmail.com,m,22
62,Millard,3pjzcurdwxto,walton.altenwerth@yahoo.com,m,59
63,Hassan,o9dtq5cdi571f,trinity.thiel@gmail.com,m,43
64,Sherika,f0ckxd8wmen,sherril.sawayn@gmail.com,m,18
65,Lucas,dpkdx6g5,armando.weber@hotmail.com,m,57
66,Johnny,pllkkfg0ce4,roberto.kulas@gmail.com,f,25
67,Lynwood,1pfps1thv2vtabk,royal.schultz@yahoo.com,m,48
68,Angelia,tuymfndwmbqrb,earle.bruen@yahoo.com,m,23
69,Elton,ki5bxjopygblvi,norberto.fisher@yahoo.com,f,49
70,Vanesa,jhk539crnkjym1x,del.collins@yahoo.com,f,56
71,Dione,26vqjwyn8wl1,joseph.effertz@hotmail.com,f,47
72,Judie,i6pfxvl2z89,dong.runolfsson@gmail.com,f,57
73,Sharyl,4o5x1xl3l,shaun.fahey@yahoo.com,f,43
74,Wayne,zrwej7uh,ezekiel.ward@hotmail.com,m,23
75,Sylvie,4ipr4bpqbztkr,timothy.conn@gmail.com,m,33
76,Lavonna,pon9bm2t1vnwuc,shizuko.langosh@yahoo.com,f,58
77,Jacinda,64nw5qsnic,marybeth.stamm@yahoo.com,f,50
78,Fleta,cwcd9vtg,maxie.vandervort@yahoo.com,m,51
79,Guy,lwqv3b4j,adalberto.crona@gmail.com,f,38
80,Lynna,9y9eop7ijapqk,ramon.crooks@yahoo.com,f,18
81,Kenneth,8i6s209cotzm6v,mayola.russel@yahoo.com,f,20
82,Maria,bn4p3zbkddcpi1,salvatore.murphy@hotmail.com,f,36
83,David,e9esqcoxibw,edwardo.streich@hotmail.com,m,37
84,Bette,76qeu3ufuaux79h,arlen.swift@yahoo.com,m,32
85,Hyun,ud54rsjg4xxpb,terrell.balistreri@gmail.com,m,26
86,Tim,lvmdfj8qd3hf46u,lionel.rohan@yahoo.com,f,42
87,Tiera,fwdl0xd2z,sharilyn.gutkowski@hotmail.com,m,19
88,Chance,i0wio7bs5ihyx,karolyn.rutherford@gmail.com,f,57
89,Brent,wmuhmmplzm03zq,hester.jones@yahoo.com,f,53
90,Ike,2nepo5c53jpg,janette.kirlin@hotmail.com,f,60
91,Valeri,hybm3114swmk,marcy.parker@gmail.com,m,53
92,Velia,zlnxpuur5k,milford.osinski@hotmail.com,f,40
93,Han,e5xpps9etf,maximina.rice@gmail.com,m,29
94,Ona,h507ff627ky,saul.farrell@hotmail.com,f,20
95,Karlene,r4j72kxn,elias.stokes@yahoo.com,f,19
96,Monroe,5m6oxrvm2cwyk,mack.kihn@hotmail.com,f,19
97,Jonas,bd0rqp15eu02rt,gerald.nitzsche@hotmail.com,f,40
98,Ernie,gzq13q0n2dwco3d,alex.feest@gmail.com,f,57
99,Mi,kr820cuoct6mv,mack.hintz@gmail.com,f,19
100,Blair,ij4l7r4d,jenice.hansen@hotmail.com,f,45
101,Chia,cdzrp77ukec,chanel.herzog@hotmail.com,f,58
102,Daren,7gt5slh7jfly,rasheeda.schmidt@yahoo.com,f,35
103,Shayna,6q1ozn6fko,takako.schulist@gmail.com,m,48
104,Margy,0pzg64wv,gavin.renner@yahoo.com,f,48
105,Francisca,n1a87ie08b,salvador.welch@gmail.com,f,39
106,Annelle,p0mec4ry6,hershel.daniel@yahoo.com,m,39
107,Belia,lsjyxjgukxad9,nicolas.hills@gmail.com,m,27
108,Lonna,0mco8r0tqi30u,alfred.boyer@hotmail.com,f,36
109,Lanny,snuc336n2,heath.wunsch@yahoo.com,m,27
110,Clarice,709vcai2zxquq2a,shayne.hilll@yahoo.com,m,58
111,Tyron,9u3xbnscg,valda.willms@hotmail.com,m,23
112,Maxie,7b9f9ffhcm10,chas.dibbert@hotmail.com,m,22
113,Louie,8009ri7mx3p8ci,harley.brakus@hotmail.com,m,18
114,Shiela,cqyo4icztkmp7q,raylene.wolff@gmail.com,f,34
115,Hal,6doz1hrdtk,darnell.treutel@hotmail.com,f,50
116,Beata,5l7fwsty4,desmond.murazik@hotmail.com,m,50
117,Dane,zpjwnutn,alphonso.konopelski@gmail.com,m,58
118,Kelsie,ovz1gs63osl8,mack.johnson@hotmail.com,f,58
119,Cedric,fcc5g33kmy,roberto.sporer@yahoo.com,f,54
120,Robbi,2vmet1q060d0op9,evan.schmidt@yahoo.com,m,29
121,Theresa,tmfh6atv,thad.hand@yahoo.com,f,49
122,Doreatha,72dgp9elt,wallace.conn@gmail.com,f,53
123,Gene,86dnu5rly47cyf,neal.wilkinson@gmail.com,m,55
124,Jami,qs9spnduhymvg0q,christinia.kris@yahoo.com,m,46
125,Rosario,ofuwoia26,dustin.schmitt@hotmail.com,f,34
126,Walton,yy4sx2lr1,lenny.schmeler@yahoo.com,f,54
127,Kenny,9cyoqth8i1yt3x,marcela.adams@yahoo.com,f,37
128,Christena,g45putpciygo,josette.zulauf@yahoo.com,m,19
129,Carol,bu8vff5q,isiah.koss@gmail.com,m,37
130,Delois,qxzvhb3s0oc3eq0,odell.macejkovic@yahoo.com,m,50
131,Morton,iiiqdywhn53hpcx,tula.schaefer@hotmail.com,m,60
132,Nathaniel,74bk9nbji,cruz.gutkowski@yahoo.com,m,58
133,Mason,2j2l84zoy141g,vincent.mcglynn@hotmail.com,m,23
134,Lynn,x95m02akuzcor6m,beula.mckenzie@hotmail.com,f,50
135,Salvatore,xzd8sr4g,gil.kozey@hotmail.com,f,46
136,Refugio,pcrgw7e5,celestine.carter@yahoo.com,f,41
137,Theodore,gyj3rki9llsggce,federico.daugherty@yahoo.com,m,48
138,Herbert,2eezjrs3zp8a0,ira.deckow@gmail.com,m,20
139,Jamie,lztannse58,mona.morissette@yahoo.com,m,48
140,Claudio,gqxjgscqyg,shu.denesik@hotmail.com,m,19
141,Lisa,hxlzdp9ztr,wei.baumbach@hotmail.com,f,56
142,Tabatha,i52n0oqdbwjxy,desmond.oconner@yahoo.com,m,37
143,Jason,dbkg0rqus,lauran.nikolaus@gmail.com,m,58
144,Kathlyn,g3jcrwda,maryanne.leannon@gmail.com,f,55
145,Christin,6may5nr5zcc,emmanuel.stehr@yahoo.com,m,57
146,Genevie,us5b8lj482tvp,mireya.schimmel@yahoo.com,m,23
147,Sherman,gtxw37gl9llab,ollie.grady@yahoo.com,f,54
148,Erwin,5c3rwnjy,tashia.fay@gmail.com,f,39
149,Leo,brux8spft,angelo.macgyver@yahoo.com,f,25
150,Shameka,r7295us1dp1vs,lisabeth.pollich@hotmail.com,f,42
151,Buster,44y5icusu6e3hv2,solomon.shields@yahoo.com,m,40
152,Boyce,go7dev6b8efun,quinton.ziemann@yahoo.com,f,18
153,Harvey,k3m3j43mtkxtb,ambrose.bednar@yahoo.com,m,52
154,Refugio,eu2ktwmkebmqm,rozella.roberts@hotmail.com,f,29
155,Khalilah,4e5st139hzc,theodora.ritchie@gmail.com,m,27
156,Inger,0hictuu472p4gf,casey.marks@yahoo.com,m,25
157,Thomasina,37elxolpc,shane.flatley@hotmail.com,m,39
158,Linnie,5bz6cnpgpvos,kent.dibbert@yahoo.com,f,37
159,Tommie,79imq4t5l,celeste.spinka@yahoo.com,m,27
160,Aubrey,wq9a3vo8uz,gregory.auer@gmail.com,m,54
161,Enrique,81ldag604jhvd,danika.schuster@hotmail.com,m,30
162,Carlo,rac2y5o8gvvj,marissa.ullrich@gmail.com,f,20
163,Houston,v1tnn9r0j4,marketta.mcglynn@hotmail.com,f,43
164,Domenica,guo79tfiuegvo,burt.mueller@gmail.com,m,49
165,Stewart,fbe3w3nqh8o,jacqui.doyle@hotmail.com,m,28
166,Delena,l9tgr9ee6jrhh9,tamra.gleichner@yahoo.com,f,35
167,Ellsworth,8qtf2nzns37,cruz.medhurst@yahoo.com,m,28
168,Brittney,laduxar89x6kl,burton.conn@hotmail.com,f,36
169,Marcos,p77jpo5nxl,nadia.dare@gmail.com,m,44
170,Raymon,hsbjmwxzoa37u,josette.lebsack@gmail.com,m,52
171,Linwood,axbmxr3opfv,ken.donnelly@hotmail.com,f,35
172,Gerry,y3ilukn2agil,luanna.oreilly@hotmail.com,m,33
173,Drusilla,2dxhq36n6h,berry.wolf@gmail.com,m,44
174,Darcel,out0536tcj94,cleopatra.gorczany@yahoo.com,m,30
175,Sebastian,pyuscrxgisk6t,meridith.pacocha@hotmail.com,m,44
176,Domenic,jzm79zwhr7n,ambrose.dare@gmail.com,m,52
177,Boyce,ga3f3vf9zx5,burt.hoppe@yahoo.com,f,24
178,Rod,6gt4hjyjus2w,arlen.abshire@hotmail.com,f,37
179,Jimmie,2kk8stl4ysm2ni,anibal.feest@hotmail.com,f,42
180,Archie,1ewx07ni2e,noma.bruen@gmail.com,f,47
181,Libbie,5gn41b77l7tz,donnie.labadie@hotmail.com,m,48
182,Jefferey,ubu4rl4uhfq10e,william.bode@yahoo.com,f,23
183,Ed,ns88swlsg5jy4,johnna.morissette@yahoo.com,m,25
184,Columbus,1qx6pksy,marshall.zieme@yahoo.com,f,32
185,Mel,8acpmhi5sy,irene.rolfson@yahoo.com,f,44
186,Maudie,v4977vjoe,robt.zieme@yahoo.com,f,31
187,Illa,uxzivikvoo,king.koch@gmail.com,f,50
188,Kimbra,0vrrrpw18,beulah.bashirian@hotmail.com,f,41
189,Modesto,2vke38p3d,angella.christiansen@yahoo.com,m,18
190,Myles,t12gud27vbcu,herb.koch@hotmail.com,f,46
191,Jimmie,uo867rz9vaic,daryl.gerlach@hotmail.com,m,54
192,Millie,e5oeueico,shelia.williamson@gmail.com,m,48
193,Leonila,1ct6ygwr9h16,dorian.sanford@hotmail.com,m,56
194,Olen,opiap51bo2o,roxy.collier@hotmail.com,m,53
195,Joshua,77n715a2o4grag,ezequiel.kovacek@yahoo.com,m,45
196,Keneth,6nst5xqoe6h,oren.hermiston@yahoo.com,f,47
197,Tarah,ada3736bd2cf7k,renna.rath@hotmail.com,m,56
198,Sid,3x7ppwhggf8,noma.wolf@yahoo.com,m,26
199,Johnson,34gb0jqo3keyy,kyle.jaskolski@yahoo.com,m,43
200,Cordie,hl5ec366piyb4k,eddy.trantow@yahoo.com,f,28
201,Jean,az50fzkb2,major.kreiger@gmail.com,m,54
202,Morris,m88slkxuftxzd90,alysha.barton@hotmail.com,m,51
203,Paul,kt3te3k7,lady.mante@gmail.com,m,43
204,Ariel,16xg750p7,william.mclaughlin@hotmail.com,f,55
205,Harriet,3y26ooynr9jaz,flor.harris@gmail.com,m,23
206,Ivana,de6otgjhiy,rachele.balistreri@yahoo.com,m,21
207,Augustus,zpscua1visr,sophia.ernser@gmail.com,m,45
208,Johnathan,0s28skyan,vannesa.bradtke@hotmail.com,m,32
209,Bibi,1axayh5s2ua,zulema.kuhic@hotmail.com,m,19
210,Brigid,uit8sscxe,jerry.baumbach@gmail.com,m,53
211,Corliss,tshtayt1w50ga1,newton.kuhic@hotmail.com,m,55
212,Jamie,9wb6xfzw,fabian.ebert@hotmail.com,f,57
213,Ebonie,wyx76m6mqjgc3v,ali.moore@hotmail.com,m,44
214,Laverne,2sv0qb6owtm,kris.abshire@yahoo.com,f,18
215,Sandy,5ugzwgkx9212kf,kasey.volkman@gmail.com,f,47
216,Alesha,o7ecvr7davkn,claude.considine@yahoo.com,m,41
217,Carrol,alre14m62,russell.waelchi@yahoo.com,m,31
218,Cedric,pih1jjhnuiym,silvia.kohler@yahoo.com,f,45
219,Rosetta,5q3jpz2d7z,cecelia.langosh@yahoo.com,f,53
220,Russ,su1y30tt6yzkgzs,wallace.lakin@yahoo.com,m,45
221,Clark,w3rxf07xetw,venice.runolfsdottir@yahoo.com,m,43
222,Bryce,bhuaev5iackjd,eusebio.king@yahoo.com,f,56
223,Gregory,vn3nx6m6a89hghf,kurt.conroy@yahoo.com,f,55
224,Billie,kn371u2chx,racquel.murphy@yahoo.com,f,44
225,Scot,sjwj8upaf9,barton.kshlerin@gmail.com,f,51
226,Charley,5cal16l3wru,shauna.blanda@hotmail.com,f,54
227,Nathanial,g6z34g9tt8n,waldo.lang@gmail.com,m,50
228,Shiloh,p2fdszx6riukz,obdulia.schuppe@yahoo.com,m,23
229,Dion,26w0i8kv41n,celesta.lesch@yahoo.com,f,55
230,Yolande,pfgoamzalcaj8k,walter.mcclure@hotmail.com,f,18
231,Marylyn,li8b1tnmz,maryland.kunde@gmail.com,m,57
232,Nicholas,9t8ufp1w9r,jesenia.bergstrom@hotmail.com,f,56
233,Buford,doxnuhhyhsacz4,everette.wisoky@yahoo.com,f,49
234,Jody,dn40kn1yal,shawnna.fay@hotmail.com,f,36
235,Victor,nlauy2q4sa,dusti.hickle@gmail.com,f,19
236,Marcel,yz6tt4dh,huey.murphy@hotmail.com,m,27
237,Raphael,5hwu9cx039x,asa.breitenberg@yahoo.com,m,59
238,Tayna,a74f3jukio1dl,tamesha.erdman@gmail.com,m,57
239,Russel,d4i8vtfca2q5v,damien.bashirian@hotmail.com,m,45
240,Luis,q4jxxls6ulc,neil.rowe@yahoo.com,m,21
241,Emily,nvqo1qw22ge5,dudley.block@hotmail.com,f,56
242,Leoma,qnxml0ga944bwkm,darron.wolff@yahoo.com,m,24
243,Vinnie,4fx4s9jh6,erich.will@yahoo.com,m,50
244,Leta,8fewjroe5dbuu98,granville.kunze@yahoo.com,m,21
245,Thu,k9kej41064g,domenic.mcclure@hotmail.com,f,36
246,Erasmo,nizsrxrfdug2y,ashleigh.miller@hotmail.com,f,29
247,Felton,t6uxpgao,kaye.crona@hotmail.com,m,49
248,Maegan,mudmjoxqs5,calvin.schowalter@yahoo.com,m,50
249,Kit,qt8wehthywlhu,jeannette.macejkovic@hotmail.com,m,57
250,Damian,uzvecyvi4uw,charmain.pagac@gmail.com,m,27
251,Coleman,sc6h8n4yload,tamatha.mccullough@hotmail.com,m,60
252,Vern,c415lnlqy5p,phebe.schowalter@hotmail.com,f,50
253,Gabrielle,mo41y09v,vincent.fadel@gmail.com,f,53
254,Domingo,hw60q1h8,irwin.kohler@hotmail.com,f,60
255,Opal,5a3nx15g20,colton.sipes@yahoo.com,f,34
256,Troy,fb1tyt9g6y,daniella.glover@hotmail.com,f,56
257,Brandee,fsf7e40iok9s4,thomasina.steuber@yahoo.com,m,32
258,Benny,t178nmvtcv,benjamin.hand@gmail.com,f,38
259,Scot,n93hqoplog0,therese.schmidt@gmail.com,m,36
260,Mitchell,bn3p08tacjxdg0l,zana.champlin@gmail.com,m,51
261,Harley,71uxvraspnvq14,charley.jacobi@gmail.com,m,20
262,Tianna,dbrt5f1v,ivan.wolff@yahoo.com,m,32
263,Julissa,9636ex08hz6zwdm,herb.gislason@gmail.com,m,55
264,Cornell,3w75zstyguxrdp,tamela.cronin@gmail.com,m,47
265,Erinn,oi9y354gf,shanice.powlowski@hotmail.com,m,50
266,Lavern,c4lw2cwztb75lhz,yuriko.toy@gmail.com,m,19
267,Eloy,jgb27816h7d,phoebe.cole@hotmail.com,f,19
268,Ferdinand,orojqbzngk3vtj7,lorenzo.stanton@yahoo.com,m,28
269,Joshua,myx6m8f8krdrrm,percy.cassin@gmail.com,m,25
270,Milton,k3ev09x3,agripina.olson@gmail.com,f,45
271,Kelley,nasstjpdm,frankie.kulas@hotmail.com,f,45
272,Wonda,1v4y0ooe,karlene.ward@gmail.com,m,59
273,Rossana,rxidrebqkamu311,chris.mckenzie@gmail.com,f,55
274,Rudolph,mfte1nhh41t,lionel.mitchell@yahoo.com,m,19
275,Anastasia,mczbudgjplhzl,leopoldo.nitzsche@hotmail.com,m,60
276,Yvonne,sbh8063w,sigrid.kris@gmail.com,m,52
277,Ashley,wdf42rspazkxjbo,mikel.farrell@hotmail.com,m,26
278,Adina,rgpk8z03,lamar.gutkowski@gmail.com,f,36
279,Stevie,xdeu5bwvyuer,katelin.connelly@gmail.com,m,24
280,Earnestine,aclswp5t561b9,ira.rath@hotmail.com,m,43
281,Grant,3ocr6pk6400,jeffrey.kirlin@yahoo.com,f,40
282,Palmer,j8wmn7iqu2d5w0,tyler.abbott@gmail.com,f,48
283,Roland,fcnho2oc2,gerard.abbott@gmail.com,f,26
284,Dorris,l9lyzggcuuh,joline.corkery@yahoo.com,m,43
285,Rusty,vd2gpj16kcm0ux,letitia.sawayn@hotmail.com,f,19
286,Henrietta,wlwff2qm55sjxr,kyle.wiza@yahoo.com,f,57
287,Zack,p1vv02gqo6i3dy6,michell.vonrueden@hotmail.com,m,31
288,Rutha,5t1lk80g1,bridgett.friesen@gmail.com,f,51
289,Alberto,0tifxkjz,marvin.nolan@yahoo.com,f,38
290,Vernie,pd7z65275,joesph.moen@yahoo.com,f,60
291,Shalonda,avcme55um,fatimah.kuhn@yahoo.com,f,33
292,Ying,j6icy9a00hxhpsz,etsuko.quigley@gmail.com,m,56
293,Bart,g7tmcan71i3frqo,michael.gorczany@gmail.com,m,28
294,Michell,vjde3oqmbua74,jae.dooley@hotmail.com,f,48
295,Stevie,k4xbfdhpissq,theron.collier@hotmail.com,f,38
296,Ken,ikl1hm8pki0m7,marcos.frami@yahoo.com,m,35
297,Kyle,vxqqj1m0,towanda.padberg@gmail.com,m,20
298,Jae,ipt7a1ixs6an,leandro.hudson@gmail.com,f,27
299,Columbus,5l9ipd7svu,marcos.runolfsson@gmail.com,f,18
300,Lilia,oq54zkdza14ws1,christopher.monahan@gmail.com,m,56
301,Logan,mkoznvmgs,lawerence.goldner@hotmail.com,m,23
302,Lawrence,ksc5qo0djc,renay.carroll@gmail.com,m,21
303,Leonardo,y3xdakqr72hram,mohamed.kautzer@yahoo.com,m,24
304,Everette,ettt7d0nan5a,casey.pollich@yahoo.com,m,41
305,Kristal,fy21bkndcm7hi5,gino.herman@yahoo.com,m,57
306,George,u92i2i4qko,gia.moen@yahoo.com,f,30
307,Jamal,3lrlefhohjswe,cherrie.johnson@yahoo.com,m,34
308,Tianna,d7dehvhhhgo2nhm,kip.reichel@hotmail.com,f,28
309,Moses,eiy1vsocmcg,scottie.sauer@gmail.com,m,58
310,Nichelle,pvmy9mj3yu,deandrea.stokes@yahoo.com,m,28
311,Gerard,elgdzhzxo,jospeh.conroy@yahoo.com,m,53
312,Teresa,gteol6nf,siu.wilderman@hotmail.com,f,24
313,Marivel,f81l0hyl37,niki.king@gmail.com,f,48
314,Napoleon,c9ty47n9gdb8,lee.johns@gmail.com,m,20
315,Osvaldo,g7ucj0c4sdd,tashina.nicolas@gmail.com,m,43
316,Scottie,vvhfp5ggla,aurea.pagac@hotmail.com,f,46
317,Coleman,gsz75g3kf8,wen.mckenzie@hotmail.com,m,32
318,Susannah,pb2662mzw89e4z,parker.mertz@gmail.com,f,19
319,Marshall,caa4x6kcmb,domingo.miller@gmail.com,m,29
320,Eliseo,09b742yk8a3uto6,milton.raynor@hotmail.com,f,57
321,Fabiola,sdib2u02xnuhut,margarette.abernathy@gmail.com,f,29
322,Rima,p0pidhrdv9,karon.heathcote@hotmail.com,f,37
323,Breana,dj3ilfnrgnsir,marget.dubuque@hotmail.com,m,21
324,Bob,d8612xmc2hmc8,delfina.gottlieb@yahoo.com,f,18
325,Michael,dwqa7n7ur,cristin.thiel@hotmail.com,m,25
326,Nathan,tlzjx02ztyh,garfield.bahringer@yahoo.com,m,40
327,Micha,qxpq6uif1ywb,ernie.hand@yahoo.com,m,35
328,Kanisha,vdxp1zll1mw5l8w,lita.steuber@gmail.com,m,46
329,Patrina,hzlazc7bzwx2,leanora.torphy@yahoo.com,m,24
330,Mayola,gwql3j3c92y,stephani.collier@yahoo.com,m,44
331,Terisa,oi74gdd2ana,norbert.howe@hotmail.com,m,39
332,Eugene,pfl0o8ep6ir,ariel.kessler@gmail.com,f,45
333,Fairy,73e6uluir,craig.leannon@yahoo.com,f,29
334,Pamula,hfqqtlsf,tyrone.schimmel@hotmail.com,m,37
335,Shiela,ltpmwp2n4,phyliss.hand@hotmail.com,m,57
336,Bob,t9xrj9ohwku5yms,susana.mosciski@gmail.com,m,56
337,Mohammed,z804cyfcf3r3s91,coleman.terry@gmail.com,f,50
338,Marilyn,cvo9gwo95,jim.schowalter@hotmail.com,m,27
339,Eugenio,2iaom6dw11,otha.romaguera@hotmail.com,m,55
340,Genaro,pbpv7sq31o66w,doug.moore@hotmail.com,f,59
341,Emory,a5tjap8rbwq,clark.heathcote@hotmail.com,m,40
342,Marth,f5t8kztoxqa,clarence.schmidt@yahoo.com,f,44
343,Nga,grbn2m05thrrs,chris.koepp@gmail.com,f,25
344,Kennith,1sk7h0ten8obbq,cristine.mohr@yahoo.com,f,59
345,Devin,cv1189xx,annita.stracke@yahoo.com,f,40
346,Gracia,r93c9ewo,margery.volkman@yahoo.com,f,57
347,Adela,ji651ymbzduxzp,tonya.koss@yahoo.com,m,19
348,Gaylord,kidve6bb4c4,irvin.stark@hotmail.com,f,30
349,Kieth,mg2f4a77h7u,laurence.lind@yahoo.com,m,59
350,Marx,06lgb5tvjru5ydd,andre.buckridge@gmail.com,m,25
351,Zoraida,lvtomwnpvtq2vmu,myron.willms@hotmail.com,f,40
352,Camila,ny35zbwxxq22b3,jayne.ratke@yahoo.com,m,19
353,Lacie,ngou6c2xy3kdl,dennise.cronin@yahoo.com,f,58
354,Cary,dn8w2hedrun1lwz,normand.frami@hotmail.com,f,29
355,Alberto,isxw1n74hshtc5,ida.kuvalis@yahoo.com,m,53
356,Doug,f0ds1mplxvci,pat.johnson@hotmail.com,f,55
357,Romeo,45clbow941kljc,shonta.osinski@yahoo.com,m,56
358,Lamar,jwuzrlmcbfwy,marchelle.bosco@hotmail.com,m,27
359,Altha,9djz1s3jvr0bmou,chang.walker@yahoo.com,f,57
360,Kristine,hsf3jemfj8zpt,barrett.shanahan@hotmail.com,f,40
361,Helaine,u6ip4tvq6kq9,terra.kling@hotmail.com,m,47
362,Zora,r7vqqexx55h,cassidy.hilll@gmail.com,f,51
363,Russ,xofsecugs,sydney.weimann@gmail.com,f,38
364,Lidia,q478a304kox,elfriede.gleason@hotmail.com,m,39
365,Lamonica,lpiyvdgwj627,lia.haag@hotmail.com,f,30
366,Mitchell,oywbuuywg4wddy,nicky.schiller@yahoo.com,m,30
367,Regenia,7gx0mqnhlc12nw,jacquie.kertzmann@hotmail.com,m,44
368,Glynis,n9b3awgqckge8qd,thurman.bradtke@yahoo.com,f,57
369,Max,2otfyabqz5a,daniell.hauck@yahoo.com,f,20
370,Evan,6bmgzo13td28c8,jennefer.oconnell@yahoo.com,m,24
371,Kirby,nuk7c5o9sfhm,loria.bins@gmail.com,m,22
372,Adan,v31u4bgh1105,emmie.marks@yahoo.com,f,21
373,Odell,3y5rq2bkt1qo,juliane.bartoletti@gmail.com,m,40
374,Alfredo,7vkah4ohd2klm,neda.hirthe@yahoo.com,m,58
375,Kasey,nhk852png,sharan.zboncak@yahoo.com,f,22
376,Arleen,5h4ij4npxp3,hilma.will@gmail.com,m,44
377,Darby,jqf8h50r,ariel.klocko@hotmail.com,f,59
378,Refugio,l122ktgsfcr,gregory.hartmann@yahoo.com,f,30
379,Prudence,hblusj7q0,marilee.jakubowski@yahoo.com,m,26
380,Sydney,o9z6agpmg,allan.lakin@gmail.com,m,33
381,Gertude,xqnqmyjtfu57xmw,sabrina.mclaughlin@hotmail.com,m,27
382,Eli,z36ernc0,janell.howe@hotmail.com,m,53
383,Estella,306y0hti,dionna.larkin@gmail.com,f,37
384,Gerardo,45l01jcrkv9nef,kasha.goodwin@gmail.com,m,24
385,Tinisha,adtmq42v,shavonne.swift@hotmail.com,f,41
386,Pam,l81qjanjlus,winford.miller@hotmail.com,f,19
387,Corrina,o9k49jyu,donnie.heathcote@yahoo.com,m,42
388,Maud,mmyee66lfn2,milagros.hintz@hotmail.com,m,18
389,Giuseppina,qp657jap8s,trang.yost@yahoo.com,f,20
390,Laveta,1is6wwuzlaz80n,rosaura.hyatt@gmail.com,f,33
391,Angelita,778dluj4,freda.harber@hotmail.com,m,19
392,Dorian,jebebw1bgj,collin.ruecker@hotmail.com,m,30
393,Daphne,kdeo3u2yi4j,parthenia.labadie@hotmail.com,m,21
394,Nana,m1ruc09ejw9k2l,mahalia.schmitt@yahoo.com,f,22
395,Assunta,sq2g3gyx5rjwt,judson.schimmel@yahoo.com,m,49
396,Calista,ih3ukm01ila83o,charolette.satterfield@hotmail.com,m,48
397,Roxana,h92sbl5jlsve0zq,awilda.ankunding@hotmail.com,m,58
398,Taryn,h8xp4xjwza5p,tashina.mcclure@hotmail.com,m,23
399,Marci,mznyvsqvsgr6as7,lezlie.oberbrunner@gmail.com,m,25
400,Adrienne,a3vx2fvkmlrjm,pamala.gerhold@gmail.com,m,53
401,Tara,nyivvcri3c5,velda.kilback@hotmail.com,m,19
402,Sandy,c13289e75na,essie.dicki@yahoo.com,m,24
403,Werner,ke9y4xdl62srtm,brock.williamson@gmail.com,m,56
404,Raymon,034klja2vi4le,dante.adams@hotmail.com,m,20
405,Felipe,7sakx1o3,christal.nienow@gmail.com,m,35
406,Dominique,dn3fwycge9,renna.schumm@yahoo.com,f,33
407,Benedict,f8ebghtflh,marcelo.satterfield@gmail.com,m,57
408,Mayra,my5gd2vb,sook.cummings@hotmail.com,m,40
409,Celia,ikviogpr3w1jh0r,catherin.simonis@hotmail.com,m,37
410,Wilson,2j11irzktwb0,valeria.morar@gmail.com,f,43
411,James,gd2mrt46dj24lg1,raymundo.murray@yahoo.com,m,41
412,Yadira,2xprnv6vzxs,gus.balistreri@hotmail.com,f,38
413,Tyree,ypal31f75jopm,isiah.schmeler@yahoo.com,m,22
414,Dwain,43v2u64a4vat0qc,tracy.borer@hotmail.com,f,25
415,Cassey,ur9z053hk8e631,rodney.flatley@gmail.com,m,57
416,Doretha,vt7lvsryrewyr,cherelle.mckenzie@gmail.com,m,60
417,Joanie,tfz77c75,terence.russel@gmail.com,m,38
418,Norman,lf9ksyqeiws,cleo.donnelly@gmail.com,m,36
419,Napoleon,worm7zi0,eun.lubowitz@yahoo.com,m,44
420,Thea,zhwc07o3hhlg36,timothy.smith@hotmail.com,f,21
421,Sharell,89o9kbsn,kennith.koelpin@gmail.com,m,20
422,Rigoberto,aja15ev18a4mm,darrin.parker@hotmail.com,f,55
423,Curt,6gxxieccafk,gita.schmeler@hotmail.com,m,27
424,Arthur,68xijzrvv,vertie.dibbert@yahoo.com,f,35
425,Jutta,ssxkbfmsa1hryth,marc.gerhold@gmail.com,f,43
426,Bethel,5daufpcq30,valrie.farrell@hotmail.com,m,45
427,Isidra,u43zm77z4rv13g1,seth.moore@gmail.com,m,53
428,Donnie,73osovbgh5ajq9,diego.lueilwitz@yahoo.com,m,49
429,Altha,armuf71h,jaime.wiegand@yahoo.com,f,25
430,Tyree,68i9hq8w85x,chester.bergstrom@yahoo.com,f,36
431,Mechelle,99r4icds0o7tcv6,bennie.pfeffer@gmail.com,f,20
432,Shawn,wtunn7rbh,henry.hagenes@yahoo.com,f,45
433,Myrta,9bxrwadarkqkkyk,gisele.hammes@yahoo.com,m,39
434,Douglass,mgfcey7aw,connie.homenick@gmail.com,m,56
435,Enrique,aewqtwi33u1,mirian.hauck@hotmail.com,f,40
436,Vernon,e6ygtk9qhqop15,allen.leffler@gmail.com,m,30
437,Christian,wprzpt7qmn9,brett.collins@hotmail.com,m,35
438,Pedro,3gq4j9wbsik,gidget.gibson@hotmail.com,f,59
439,Truman,g3fd2nn9donwg,tami.hagenes@hotmail.com,f,27
440,Sol,8wbe64cdb5k,lucilla.gislason@gmail.com,m,26
441,Lindy,c22xwp4uucbs8,kelvin.halvorson@yahoo.com,f,60
442,Daniella,b5hgwu014rfk3,lona.little@hotmail.com,f,50
443,Taisha,it74v0zfg,temika.klocko@yahoo.com,f,24
444,Cornelia,kai343da27xlt,noe.will@gmail.com,m,45
445,Sherrell,q7kacclmfjymk,ardath.dietrich@yahoo.com,f,39
446,May,u0erzooyr,daphne.pfannerstill@hotmail.com,m,27
447,Delmar,xpcvdibl1,joelle.damore@hotmail.com,f,21
448,Trey,cmzgl7ysga0sb,mi.pollich@yahoo.com,m,32
449,Nicola,8orag1u5c0,yong.erdman@gmail.com,m,44
450,Maragaret,b5dr2y92s4csu4l,desmond.kilback@hotmail.com,m,55
451,Theressa,x4a1obftvv,ella.wilderman@hotmail.com,m,52
452,Ayesha,wgapjwdebg9p,doris.mohr@yahoo.com,f,31
453,Shanta,isjl3yrb787t4oi,meta.zieme@hotmail.com,m,25
454,Bertram,hfu7eeu9j,yen.brekke@gmail.com,f,25
455,Naida,4i7ctxlupvr1ig,marcelo.feil@gmail.com,f,31
456,Eldon,ke6lu74h4,jessie.sporer@gmail.com,f,48
457,Sina,tx6crj0fnvia,eliseo.franecki@gmail.com,m,52
458,Sherri,9fdtp1mkl0,sammie.wilderman@yahoo.com,m,25
459,Derek,a32y1ci1r6,elza.bernier@yahoo.com,m,37
460,Brenton,kutt3pnetm569,warren.wilderman@yahoo.com,m,33
461,Rusty,qb30ffhnz6r,demetra.orn@gmail.com,m,20
462,Santos,qv4cbhiis,douglas.sanford@hotmail.com,m,41
463,Freeman,ylk0262zh6y,jeremy.cartwright@gmail.com,m,33
464,Phil,h2jv4f74v7tcnvy,blake.hauck@hotmail.com,f,43
465,Les,b8u3ei8l59g4cz,noemi.pagac@gmail.com,f,18
466,Rufus,h6iedohy,stanford.jacobi@hotmail.com,m,44
467,Kiersten,sqfnr20071o,lorraine.swaniawski@hotmail.com,f,25
468,Cornell,utg54j2ykpsx4uk,valery.weissnat@hotmail.com,m,60
469,Jame,l22usa56ncl47,cruz.streich@gmail.com,f,35
470,Joel,1eu0q3pj0w,cris.bogan@yahoo.com,m,35
471,Denisha,nw48j37c,tamie.cormier@gmail.com,m,28
472,Lanny,fscgfjtwl8qzck,shalon.gottlieb@yahoo.com,f,30
473,Estefana,50erjxv8,reed.herman@hotmail.com,m,48
474,Faye,4twt7i32zv,dorothea.schroeder@gmail.com,m,39
475,Lindsay,7cj21u18jqx,sean.kuhic@yahoo.com,f,40
476,Breann,67032xfpimpb6,elena.mills@yahoo.com,f,56
477,Raguel,5y8i53sg9,gerard.padberg@gmail.com,m,34
478,Shaina,2n258rc253e4a,crissy.fisher@hotmail.com,m,48
479,Dominique,qpa7u7nc3cs994n,loan.kuhic@gmail.com,m,32
480,Sherley,tfaxvq6c,prince.hyatt@gmail.com,f,41
481,Miguelina,b42d7ezkld,wava.grant@yahoo.com,f,41
482,Anibal,bei5h8xicjll,rogelio.langosh@gmail.com,f,32
483,Laverne,kc9okhui3uv,genny.hackett@hotmail.com,m,43
484,Layla,bbxw0ftx7ehwoqg,emely.robel@gmail.com,m,36
485,Irwin,61nprfarou4ew20,monica.marvin@hotmail.com,m,25
486,Ira,an3ru5zhg,fidel.cronin@gmail.com,f,25
487,Velda,g1kxw06qnbxe84j,ramona.watsica@yahoo.com,m,34
488,Reginald,prrzl32vcehln,despina.berge@hotmail.com,f,37
489,Lincoln,c29dd6lp,viva.konopelski@yahoo.com,f,31
490,Stephine,dv8drn0csb40bf,sammy.hamill@yahoo.com,m,40
491,Eddie,jw1ivpbngxi0p,shakia.lueilwitz@hotmail.com,f,40
492,Karmen,e9ar39wlr,kimbra.ortiz@gmail.com,m,29
493,Sulema,h402gxtx22kar,krystal.watsica@yahoo.com,f,50
494,Yong,lr65b84ocbgfz,bernardina.bartoletti@yahoo.com,m,44
495,Palmer,efogx60ab,lelah.kihn@gmail.com,m,45
496,Norris,7p10bk62fck73,sammy.macejkovic@gmail.com,m,22
497,Owen,s5fqeuffw2vpj,trenton.ruecker@hotmail.com,m,42
498,Bart,glhpvslz8,russ.hegmann@hotmail.com,f,38
499,Yuki,cvs7eadk3hd8i,amie.quigley@gmail.com,f,41
500,Dionna,acog0c3tyjpmi7,willis.quigley@gmail.com,m,47
501,Syreeta,fjwn1ldeulqg,alma.champlin@gmail.com,m,53
502,Darell,f58ed1od,anneliese.gorczany@hotmail.com,f,49
503,Virgie,v17qfpim6vd,brent.bergnaum@gmail.com,m,48
504,Lewis,5qlm9tigjz,harry.swaniawski@yahoo.com,f,31
505,Lenny,4slujd49e0f0,reyes.harris@yahoo.com,m,57
506,Geneva,ipetd7dz8,erasmo.hilll@hotmail.com,m,37
507,Dennis,vu2ndqyv,raul.rice@gmail.com,m,24
508,Elissa,1nazgqf8,kareem.frami@gmail.com,m,37
509,Tyron,zwcj7m9er,leandro.mayert@hotmail.com,f,55
510,Lucille,hxpy2b95i8lfr,lamonica.smitham@gmail.com,f,40
511,Emeline,z8a53rhyfm,xiomara.larkin@gmail.com,f,55
512,Deann,2cof5si8zx,brain.beier@hotmail.com,f,59
513,Piedad,4u225hrkw,charlott.prohaska@hotmail.com,m,28
514,Daphne,446ycj1tu0z0o,iva.huels@hotmail.com,m,46
515,Maryann,ona95wx1t,julieann.feest@hotmail.com,m,26
516,Eugena,dbuji9rsv81qjtq,warren.watsica@yahoo.com,m,25
517,Sterling,ig5md0kncr6pu,rana.welch@yahoo.com,f,51
518,Linnie,iawveme2,lang.cremin@yahoo.com,m,30
519,Oscar,tpa8fnjlhiesfnt,barbera.kunze@yahoo.com,m,53
520,Adaline,86y1k89enstzrpg,reyes.davis@gmail.com,f,43
521,Andrew,kq15uf23vxro,hong.connelly@gmail.com,m,30
522,Marion,5f3nunjusdbw20g,latonia.lehner@hotmail.com,f,27
523,Alexandria,vrksfdgvqrc,mac.rutherford@yahoo.com,m,49
524,Winston,3czpxkk2zmwk1s,irving.kilback@gmail.com,f,21
525,Dwayne,h29fzvknxnkt6,vivian.frami@yahoo.com,m,40
526,Roy,vhv35dp66e,tangela.ratke@yahoo.com,m,23
527,Derrick,f8pq7bqp34rbe,alethia.cormier@hotmail.com,m,34
528,Valeri,2e8ns1uxx6,megan.dare@gmail.com,f,21
529,Doreatha,vljrzotujh5,jeanna.mckenzie@yahoo.com,m,23
530,Irving,49w6pvxi8c7ve,kenya.wolff@hotmail.com,m,54
531,Xuan,frpk8lzsalk82gx,elroy.witting@gmail.com,m,54
532,Colene,g1600zikfsf7jz,regena.hudson@hotmail.com,f,27
533,Denae,n1y32mhrg,russel.bednar@gmail.com,f,36
534,Laree,sgo7bqqrp3t4iwu,evon.hermiston@gmail.com,f,34
535,Lindsey,ihbyx368,lyman.wilderman@yahoo.com,m,18
536,Claudia,2u8wecqkcp8tq,omer.kub@hotmail.com,m,48
537,Effie,seqe82tp4y9,stacey.corkery@gmail.com,f,31
538,Jesse,p6p4qxmybwnk,carey.mckenzie@hotmail.com,m,25
539,Lesley,h0v89kd4kz,wade.raynor@hotmail.com,m,30
540,Ignacio,rhvho1bw8xlbjlg,agustin.jenkins@hotmail.com,m,38
541,Reed,qdue2ssdp9qs5gy,tonisha.kiehn@hotmail.com,m,43
542,Deb,au0wua2ytqtquu,lakeshia.buckridge@hotmail.com,f,46
543,Luanne,3j28k8akzc,edgardo.shields@yahoo.com,f,60
544,Reginald,nac953zm,josue.abbott@yahoo.com,f,57
545,Ella,34wue7na9,vicky.rath@hotmail.com,f,32
546,Georgine,s5hyt0sdfr,dacia.morissette@gmail.com,f,48
547,Landon,1agmnhb97c,kelley.macgyver@gmail.com,m,35
548,Mia,n89mjhtb6wsb,harley.wunsch@yahoo.com,f,29
549,Evelynn,zh0doumg66uve,farah.deckow@yahoo.com,f,43
550,Douglass,xv0r689b9b0b,kylee.kuhn@yahoo.com,m,21
551,Stacey,au8jhi2m13qdja,blaine.hudson@gmail.com,m,33
552,Reena,gi8b15darswc9,denny.senger@yahoo.com,m,36
553,Russ,1kl1hcua3l6vxeb,ligia.oconner@yahoo.com,f,41
554,Milton,77g9g21xv,valda.parker@gmail.com,f,53
555,Brande,dv00saezl716td,mitchell.crist@yahoo.com,f,36
556,Elma,iqfgdh5df,jennette.oconner@hotmail.com,f,27
557,Adolfo,rj55fmob38,nilsa.considine@yahoo.com,m,49
558,Rodrigo,mxs56wz0,chad.gleichner@hotmail.com,m,51
559,Georgetta,ylchb4vcsz0csfw,tad.harvey@gmail.com,m,32
560,Harold,fvkr0a95ut,marcia.white@gmail.com,m,39
561,Fay,12vue8zgzfy,ruthann.kilback@yahoo.com,f,50
562,Cathie,onewk9rwxwu,vonda.oconnell@yahoo.com,f,42
563,Norah,zsxwnjk8wzzzdh,thersa.larson@hotmail.com,f,24
564,Daren,ipbx4a5lx,vi.rosenbaum@hotmail.com,f,33
565,Sharyn,4keu6348uybnyzx,gerardo.shanahan@gmail.com,m,50
566,Collette,tmzt4ybqz2nwwh,clayton.johns@gmail.com,f,57
567,Samuel,ld2hrkydxyxw3d4,kristopher.lynch@hotmail.com,m,35
568,Donya,e4vu8q1uswrgf0,gregory.rodriguez@hotmail.com,m,29
569,Kip,qiu5279f6hjseqo,rogelio.watsica@gmail.com,m,31
570,Bryant,ozquwmepmv7aiqp,barrie.emard@hotmail.com,f,50
571,Margarite,0v7p04mpfcth3sb,bobby.walker@hotmail.com,m,49
572,Gerard,h932avzjo7z,graham.smith@gmail.com,m,22
573,Leon,fzc92ksi231jpl4,thu.lockman@yahoo.com,f,57
574,Brendon,bn14zyklj,sharri.roob@yahoo.com,f,23
575,Apolonia,o76j524s,devin.treutel@hotmail.com,f,47
576,Christoper,i5c8lkmzvrgw,max.parisian@gmail.com,m,26
577,Dianne,ctx0v3qq3tit,long.cormier@hotmail.com,f,32
578,Lucien,p7qkzisyx53ji3e,ryan.dach@gmail.com,m,43
579,Myrtie,ecgnnwpu,reid.collins@yahoo.com,m,30
580,Taisha,f1lkno5iyziz4c,morgan.tremblay@gmail.com,f,39
581,Veta,708e6lmhvzwl,sid.johns@hotmail.com,f,30
582,Bernadette,md7vuifn,tyrell.murazik@yahoo.com,m,50
583,Marcene,oyfc60zub6e,kristopher.lindgren@gmail.com,f,58
584,Jarred,tp25pkruunm537,dagmar.lind@hotmail.com,f,59
585,Michel,dnhbs7f8y1,aletha.stamm@hotmail.com,m,35
586,Denis,83zw8268l,rosario.mann@gmail.com,f,56
587,Tommy,4zcn6hr3ool,armida.kessler@yahoo.com,f,53
588,Dell,7y0oswzxh9w6rjy,kelley.franecki@yahoo.com,m,39
589,Tracey,qxsz0x5sci,abraham.jacobson@yahoo.com,f,25
590,Diedre,0p3zsmtq7n4pro4,lynelle.lowe@gmail.com,m,31
591,Alex,tfnp6wcr0gqm2,angelica.macgyver@gmail.com,m,21
592,Odis,e4sbakpn,brain.ward@gmail.com,f,51
593,Jonathan,2yku2bij,ivey.miller@yahoo.com,f,55
594,Dustin,o8rdskx2,andrew.rogahn@hotmail.com,m,39
595,Juan,lpumvdrtyq,king.reilly@yahoo.com,f,38
596,Andree,4bx6w3dj1yivscd,jim.hegmann@gmail.com,m,57
597,Ahmad,mdkgwl43km771j3,eilene.muller@yahoo.com,f,49
598,Garfield,trcmpcskz2h,barabara.kautzer@hotmail.com,m,38
599,Norris,fsjr2oipysognd3,winston.crona@yahoo.com,m,43
600,Karry,0ol4l9yw1,marlen.rutherford@hotmail.com,f,35
601,Lacy,k7nikn8us170v,fredericka.wiza@gmail.com,f,19
602,Ward,x0iscudnqc,kasey.bayer@hotmail.com,m,29
603,Teddy,ekda7gixb6,rochelle.brown@hotmail.com,f,48
604,Nova,264mcak8lx3ckke,milan.gleichner@gmail.com,m,29
605,Joaquin,2jgyefbi,micheal.moore@yahoo.com,f,35
606,Troy,v96oqqk95,robert.nader@yahoo.com,f,28
607,Perla,707mht5917y45,gena.bins@hotmail.com,f,34
608,Barbera,n5spms5hf3z5,masako.herzog@hotmail.com,m,24
609,Delaine,fhrf4g8ql9,pilar.torphy@yahoo.com,f,26
610,Winford,grijq73rg4id98,philip.schuster@yahoo.com,f,34
611,Taina,z8cn9b7p8u86za7,ian.rutherford@hotmail.com,f,34
612,Carmine,5ax5258fxehxn,bernita.ondricka@gmail.com,f,48
613,Kimbra,ez95jiya,consuela.deckow@yahoo.com,m,41
614,Wanita,rjyyr7sjg7xr6o,reva.mohr@gmail.com,m,27
615,Lucius,l5f756j5yd2lc,shandi.quitzon@hotmail.com,f,54
616,Ella,09jb8y6mq72,juliette.jenkins@yahoo.com,m,54
617,Josh,rarnsc8dib28x,troy.keeling@yahoo.com,f,48
618,Jefferey,jmcj65dys52hph,ming.rutherford@hotmail.com,f,46
619,Jimmie,i2l8w9l8,benedict.homenick@yahoo.com,m,47
620,Audrie,ttfqjiy0k,gregg.runolfsson@yahoo.com,f,36
621,Morton,6ucrxh1x11nqxsg,roosevelt.gleichner@yahoo.com,m,34
622,Eleanora,n5arybq8qvgx9j,crystal.rogahn@yahoo.com,f,53
623,Jack,6hplgh7wo2,dylan.kihn@yahoo.com,m,40
624,Warner,lvqgsv23x6vfxfg,charleen.ritchie@yahoo.com,m,34
625,Samual,1hpdoy9bp7mv9a,octavio.gibson@yahoo.com,f,47
626,Kieth,oadbmvylmxlqo0c,desmond.hickle@gmail.com,f,53
627,Marget,3f0r326v3tu62,rozanne.wunsch@gmail.com,m,55
628,Vilma,2p6q90291v,erich.lesch@gmail.com,f,53
629,Kristofer,m1j9571jdptt,waldo.treutel@gmail.com,m,47
630,Modesto,tykzqi5x38h9,gilda.runolfsson@hotmail.com,m,44
631,Newton,ozns1nkqzw1,zetta.kunde@yahoo.com,m,30
632,Gena,kc9yj2sld7jo4u,caleb.hahn@gmail.com,f,55
633,Randolph,fl9tb8rfag,shelley.schmidt@gmail.com,f,35
634,Ashton,8syfsynpx5q4,jacque.jones@hotmail.com,f,60
635,Eliz,34ipsiyty4n,alec.williamson@yahoo.com,m,36
636,Stanford,yt4lxbe4yb7l0j,tamela.green@yahoo.com,m,34
637,Tanner,uwux7xu1hayf6r,shana.gleason@gmail.com,m,37
638,Madie,jgin03cdne9,marcellus.leuschke@hotmail.com,f,37
639,Dillon,wqrtj9m9407c,coralie.erdman@hotmail.com,m,56
640,Laquita,iu0n5oyj9x8g,freddy.jenkins@yahoo.com,f,52
641,Kimberely,kk6rpby1bqkvh19,kim.kerluke@hotmail.com,m,42
642,Argentina,30idfjshx4yqkf,cecil.kovacek@hotmail.com,f,20
643,Letty,o73h38hkb78ja9n,elda.aufderhar@yahoo.com,f,35
644,Nydia,dx1jd45c3hrk6,dayle.frami@gmail.com,m,39
645,Stacy,2d720q4eu8,kaci.bartoletti@gmail.com,f,28
646,Maryellen,30vle86m4zhl,denver.wisozk@gmail.com,m,36
647,Louie,qrejsnrxgytcid,gerardo.howell@yahoo.com,f,37
648,Salvador,7lan071lb9hgjlx,scott.stokes@gmail.com,m,27
649,Ozzie,88h6qqiv,shannan.harvey@hotmail.com,f,21
650,Burt,0dqff8x12zz,reuben.howell@yahoo.com,m,57
651,Emery,dvatzza4,troy.veum@hotmail.com,f,29
652,Jay,fpmuwo2g3bgumvn,ramona.bogan@hotmail.com,f,57
653,Eileen,dprzbuhsg5de44,joy.white@gmail.com,m,42
654,Mervin,xl78xbfssr4o,paris.schimmel@hotmail.com,f,27
655,Sharilyn,8mlsfguxb0f,arlyne.goyette@gmail.com,f,44
656,Augustine,j6ri76bike,noelle.strosin@hotmail.com,m,42
657,Lonny,9ro5113695d,bernice.altenwerth@gmail.com,f,30
658,Catherin,8067342q4g1csm7,margert.purdy@hotmail.com,m,60
659,Ileen,nlgwwmxkj0hru,denisha.dickens@hotmail.com,m,21
660,Nita,9qnlc3mhj,amado.zemlak@yahoo.com,m,30
661,Kristle,g3x2677kmiy,fredric.stokes@hotmail.com,f,57
662,Delma,0x8ao90nbrx,ammie.legros@hotmail.com,m,40
663,Weldon,9rtfhz4q6of0,taylor.schiller@gmail.com,m,42
664,Cecile,7oi0ldo7uo,karl.barton@hotmail.com,m,38
665,Ira,yxooyz8igm83,cristina.waters@hotmail.com,f,33
666,Micha,c74rxx26o,chester.rath@gmail.com,m,55
667,Christiana,4iu54l7co7bng,monroe.von@hotmail.com,m,49
668,Logan,uj9u3lcp9,fausto.hessel@yahoo.com,f,26
669,Abby,r8tt06tjxe,darlena.lindgren@gmail.com,m,43
670,Trevor,3t48lehep,delmer.murphy@yahoo.com,f,60
671,Rene,qdbgjisfesndru,shanda.cruickshank@hotmail.com,m,40
672,Josue,4pldcdrseu0,laverne.marvin@gmail.com,m,41
673,Jenise,tlt4axgwgd0jg0,quinton.luettgen@gmail.com,f,28
674,Versie,yh2allblbx,douglass.sauer@hotmail.com,f,32
675,Alphonso,jfqmb1c5m67fb,dudley.sawayn@hotmail.com,m,39
676,Scot,mn7x76vvz9pml24,domingo.hirthe@gmail.com,m,43
677,Otelia,otd3o3bdp53,amada.towne@gmail.com,f,58
678,Reyna,amlzf1t7j1z,donya.cormier@hotmail.com,f,52
679,Joey,1321bzdg1i,elvera.crona@yahoo.com,f,20
680,Darren,i1ufbnt6ucg19os,zula.watsica@gmail.com,f,33
681,Fredric,css1jmd4bsat5lh,beverley.ortiz@hotmail.com,f,46
682,Aurelia,o0hk3sui,larry.rosenbaum@gmail.com,m,36
683,Deetta,cn7lqzej2e3eb,fredrick.stracke@yahoo.com,f,60
684,Cyril,36uvw61nvf4v,kristina.schimmel@gmail.com,f,50
685,Tamika,ilq1ba0d5nd6jx0,izola.satterfield@gmail.com,f,44
686,Myron,nej3lls046,donte.herman@yahoo.com,f,28
687,Marivel,627hx4shd,madalene.bauch@gmail.com,m,31
688,Nichelle,5r0klwjtg6,rod.dare@gmail.com,f,41
689,Suzy,2fmsga4d5e,rusty.cummings@gmail.com,f,25
690,Kasie,6mv9amfzd6jhmkt,everette.reilly@gmail.com,m,19
691,Elana,mqngorkm,dominick.carter@yahoo.com,f,43
692,Milton,6fk5b5tl,francesco.wilderman@gmail.com,m,58
693,Golda,akntgwhm,maxine.dickinson@gmail.com,m,25
694,Margeret,zsilf56xed,alisa.monahan@yahoo.com,m,58
695,Britany,vyergo13kadrh,jordon.dooley@yahoo.com,f,46
696,Harland,606iuuv0rj0j,alayna.hammes@hotmail.com,m,35
697,Marquis,41jxpud3adrk1jr,coy.bruen@hotmail.com,m,47
698,Barrett,nuvj5xiu0hynsrf,palmer.bogisich@gmail.com,m,27
699,Manuela,yuy1wodnvps,cassi.heidenreich@hotmail.com,m,60
700,Annamaria,z58jrgrfahdxbx6,patrina.kshlerin@yahoo.com,f,40
701,Homer,9h6covhbv8rb,corliss.weimann@yahoo.com,f,40
702,Cordell,7jcw5ah7ihg1n,sterling.jacobi@hotmail.com,m,26
703,Isidra,apt0dhbr,lourdes.koepp@yahoo.com,f,39
704,Terese,9jwjuh40svo4,ollie.nader@hotmail.com,m,31
705,Latanya,qzz54jnzu41,mervin.ward@yahoo.com,m,48
706,Charlyn,9dpr6k8iaiet8qq,toya.spinka@hotmail.com,m,36
707,Lilla,odfitaw07,manda.douglas@gmail.com,m,54
708,Bert,9qbjl8rm986,annalisa.ratke@yahoo.com,f,45
709,Gonzalo,jc7vdmtv,cornell.nikolaus@gmail.com,f,57
710,Tania,e17suuce5gjo8h5,rodolfo.hayes@yahoo.com,m,22
711,Renee,8b2j31wjxj,miles.schumm@hotmail.com,f,49
712,Flavia,j2pmtelpfi8w,marylee.barrows@yahoo.com,m,24
713,Nathalie,mjys0ws1qv8,hoyt.dare@hotmail.com,m,39
714,Byron,meizgzdyrqa,josh.bednar@gmail.com,f,21
715,Elden,om5beeh6nnu7,thanh.hudson@hotmail.com,m,43
716,Sharen,me8pkb8g0c,refugio.hintz@gmail.com,m,42
717,Annalisa,j93a9evdnfs7,byron.gutkowski@yahoo.com,m,27
718,Alphonse,wnjc8l5zp2,migdalia.frami@hotmail.com,f,19
719,Patti,dg8xmvqkfarvybi,roslyn.durgan@gmail.com,f,18
720,Anh,oy6f8d2as,kum.bosco@hotmail.com,f,20
721,Cathy,i4dithpn,jasper.ullrich@gmail.com,m,56
722,Mauro,7ecptikizbaw,dione.muller@gmail.com,f,46
723,Rickey,6c1f836y74vea,santa.toy@hotmail.com,f,31
724,Marita,57e66xdbgtbo,kendrick.bruen@hotmail.com,m,19
725,Shelby,4gk1cgjpzdl,monet.stark@yahoo.com,f,20
726,Rodrick,g2a72vrexmh,jonathon.kilback@gmail.com,f,43
727,Stephanie,jpj3nxcgwdy,huey.muller@gmail.com,f,18
728,Danuta,vwpt2ylktfxz,dong.parisian@gmail.com,f,46
729,Parthenia,q8blkwfhv,evelyne.gottlieb@yahoo.com,f,50
730,Inocencia,811742ei2foc,prince.sanford@yahoo.com,m,55
731,Jada,9f1xq7mibr,lenny.von@yahoo.com,m,51
732,Jed,ct787kc3,mickey.schoen@hotmail.com,m,47
733,Pennie,tyizg36j8lf,ann.kutch@hotmail.com,m,59
734,Lincoln,al2wygwix,saran.schoen@hotmail.com,f,34
735,Dalia,kbkjqnajvh71wif,ned.goldner@yahoo.com,f,30
736,Elias,7a5wbjc6c,danyel.schmitt@yahoo.com,f,25
737,Mitsue,iagaeqr5b6wpbsv,lisha.wisozk@gmail.com,f,37
738,James,4wzi0yvhlczr6s,vicente.lowe@gmail.com,m,32
739,Randy,hrmkuz5ypkgw1i7,nestor.bode@gmail.com,m,51
740,Morton,bb5vq0nzr,elenore.pouros@hotmail.com,m,26
741,Gearldine,xo1uh285332oz7,gayle.kub@gmail.com,m,41
742,Lesley,32jpkbkfonk,scot.swift@gmail.com,m,32
743,Asa,jmk31r6igz8mdft,ronald.prosacco@gmail.com,m,46
744,Dorotha,skdry1vrswd7iq3,ai.dietrich@gmail.com,m,18
745,Garland,ny319yt8eau769,josephina.hahn@hotmail.com,f,42
746,Kiley,0d8u6fuvpja,etta.mante@hotmail.com,m,38
747,Karma,ipa1men2,eugenio.jakubowski@gmail.com,f,34
748,Onita,wh99ev3zgw68y,lakita.oreilly@yahoo.com,f,37
749,Gabriel,bxfn0v8uum65z,quinn.goodwin@hotmail.com,m,19
750,Sonny,740ryw5i9nwo,reggie.stroman@gmail.com,f,41
751,Jannette,ei1avxmuh,johnson.herzog@hotmail.com,m,60
752,Arnulfo,tt7wfhiaa,trish.dickens@yahoo.com,f,55
753,Jefferey,3fy3o8iglbj,euna.huels@hotmail.com,f,24
754,Tina,g5es3tw8ecw,kassie.nolan@hotmail.com,m,34
755,Jame,preql3qkel1s4,von.beer@yahoo.com,f,29
756,Jerlene,nzpp6eyh,fiona.rogahn@gmail.com,f,37
757,Ervin,fptp3s3g,jamar.oberbrunner@hotmail.com,m,56
758,Jennine,2597rg0c2x,babara.mayer@yahoo.com,f,50
759,Mose,a9ycorbj150hod,philip.bogan@yahoo.com,f,23
760,Kiley,p0tth48zsg,francesco.smitham@yahoo.com,f,58
761,Sammy,i8sa0aodasct,melaine.ullrich@yahoo.com,f,59
762,Kaye,yxp0wsik,dung.russel@gmail.com,f,20
763,Jarvis,kj21mwlsvn62,laurinda.larson@hotmail.com,m,56
764,Millard,fmld3kj0l,arlen.renner@hotmail.com,f,28
765,Douglass,5m3ps5i9,darrick.boehm@hotmail.com,f,32
766,Stanley,053ovwlkco8q,eloy.casper@hotmail.com,m,43
767,Pierre,tygazitu,tena.pfannerstill@hotmail.com,f,33
768,Audrey,ntfl8510iunzf,leena.kuhlman@yahoo.com,f,25
769,Jody,qfkfi235t21fh7,micheal.hilpert@gmail.com,f,51
770,Takako,5b7wilag,ngan.jakubowski@gmail.com,f,52
771,Kieth,wp4k5rp3ewwpu,yon.wehner@gmail.com,f,34
772,Mercedez,borjd7996cnv,lorita.bogisich@hotmail.com,m,59
773,Mariano,sq556n7u,denna.boehm@gmail.com,m,31
774,Vena,sh3h5b3et,willian.lueilwitz@hotmail.com,m,32
775,Oretha,c8t8jqcc5g32fh3,walter.zemlak@gmail.com,f,21
776,Remona,lhnpz2pigcx6j2r,lyndon.purdy@yahoo.com,m,18
777,Clair,lq9o7nl2zmqv,shaunte.lebsack@hotmail.com,m,40
778,Ned,liaxdkd8wywbxv,ellsworth.schimmel@gmail.com,f,35
779,Roseanna,07xbewbpwtm,cristal.schimmel@yahoo.com,f,20
780,Jewel,6rmpuyjpqt,andria.greenfelder@hotmail.com,f,54
781,Neda,ju0let00kh,chelsea.king@yahoo.com,f,31
782,Miquel,zupovzrzz,racquel.little@yahoo.com,m,58
783,Erin,e2nvy8em3,otha.keeling@yahoo.com,m,36
784,Florentino,4sn00eq70ege2,robbi.hauck@hotmail.com,f,51
785,Kristen,hqeho7rl5l4q,dario.berge@yahoo.com,m,24
786,Francene,sfvkp045buvj3,pamula.vandervort@gmail.com,m,54
787,Joellen,f8spfb4db4,tiesha.mueller@hotmail.com,f,19
788,Ebony,3ghslp0a14,christi.wyman@yahoo.com,f,49
789,Francisco,gg7xdy44d,zachery.conroy@gmail.com,m,31
790,Luther,0errpld7ctmk,albertine.ondricka@yahoo.com,m,35
791,Bernita,ypzec2xqg,fermin.ziemann@yahoo.com,m,28
792,Alethia,n9banfzrcu9ic0,temple.gaylord@yahoo.com,f,34
793,Tatiana,clvz3axzc14,sol.walter@hotmail.com,m,25
794,Irvin,4miplyo6aett,sherril.willms@hotmail.com,f,52
795,Pattie,701l27v20jw,kerri.lynch@yahoo.com,m,46
796,Santo,427xce8zjb,lawanna.gislason@hotmail.com,m,58
797,Bunny,9ayo1quo,nyla.stracke@hotmail.com,f,48
798,Windy,sgsts605l4k,cecila.corkery@yahoo.com,m,20
799,Joaquin,q8qswin572wyse,rufus.welch@gmail.com,m,51
800,Filomena,381zs9ma8qo,rhett.graham@yahoo.com,m,27
801,Shenika,rmdixxvghbyw9,gilberte.morar@hotmail.com,m,47
802,Keeley,17l3x66xjfo8p,galina.jakubowski@yahoo.com,m,29
803,Shandi,8wxhg47sknv,darren.windler@gmail.com,f,43
804,Toby,a159m98kbn0w4,addie.bednar@yahoo.com,m,46
805,Alvaro,r3x0fkfqvs,isaias.langworth@yahoo.com,m,28
806,Deedee,o2qwv8l2u1u,otis.jakubowski@yahoo.com,f,26
807,Gonzalo,vvmeen0at0r0,rey.feest@hotmail.com,m,40
808,Clyde,y2isoueyrvn9kd,avery.fisher@hotmail.com,f,57
809,Laraine,zafgysw14n3,tyrone.friesen@hotmail.com,m,53
810,Damon,4b5al672icx,lakesha.wilkinson@yahoo.com,m,25
811,Denver,6gbo5thda,lakesha.wuckert@hotmail.com,f,20
812,Josie,8oodcub25,heath.stark@hotmail.com,f,19
813,Gerald,q4z922iclimoi,markus.koss@gmail.com,f,54
814,Shenna,3d9d94qvw,terrell.lakin@gmail.com,m,26
815,Ernestine,qr7rr0k7d0,rico.ryan@yahoo.com,m,18
816,Nathan,gqgllzadiz,rocco.keebler@yahoo.com,m,43
817,Darryl,ghoyivat7m0sy,alfonzo.lesch@hotmail.com,f,33
818,Michael,f0pxkprve,shona.schmitt@hotmail.com,m,35
819,Karlyn,0bltb049ulin7zu,salena.greenholt@yahoo.com,m,44
820,Golden,qwfnq5c94bpr4,caren.von@yahoo.com,f,51
821,Sherman,lcrebq871i4,malcolm.kunze@yahoo.com,m,43
822,Davida,xwyg62rbqfm,franklin.collins@yahoo.com,m,44
823,Dorotha,14ukj2zxddpmp,teofila.sanford@gmail.com,f,51
824,Stefany,ljziy8fa4c1p2xg,melvin.gleichner@yahoo.com,m,55
825,Dave,qtl7mzyz,rachal.halvorson@hotmail.com,m,18
826,Numbers,sw2ma4my5,arielle.kihn@hotmail.com,f,25
827,Deon,7x9qglb5785d,wilber.herman@yahoo.com,m,35
828,Walker,d7n7b74fyt6jb4,chanell.walker@yahoo.com,f,58
829,Rochell,4hr78ixjqml,zola.bashirian@yahoo.com,f,35
830,Jacque,q59sikhlk,ricki.schuster@yahoo.com,m,24
831,Deedra,cdnkamkbp,salvatore.paucek@yahoo.com,f,20
832,Brendon,7nhcr8d1d9g,frank.carter@hotmail.com,m,39
833,Lucy,n3b1dnv9uhq,myrtle.pouros@hotmail.com,f,45
834,Jc,ix66x80hfhp49,aurelio.turcotte@gmail.com,f,24
835,Delinda,iyr1p97ahx,laticia.heaney@hotmail.com,m,21
836,Kyla,5ngb24bqkq,tina.erdman@hotmail.com,m,18
837,Scott,pno0mivwrs,janet.oconnell@gmail.com,m,58
838,Jude,ywixqhgpeya,kathy.moore@gmail.com,f,43
839,Lorrine,fsy721wzv6a,rubin.fisher@hotmail.com,m,25
840,Mariko,qv0qtwi2x96,laurene.schroeder@yahoo.com,f,54
841,Theo,p6u7rvuyptrfd,dawna.padberg@hotmail.com,m,32
842,Dominque,s3aoiklq,emerson.kiehn@gmail.com,f,45
843,Porter,ycfzz08lcircp0,reed.ledner@yahoo.com,f,27
844,Neida,v27pi38w5q,jamey.schaden@yahoo.com,m,59
845,Keith,ml7n7p09r8,pearlene.trantow@yahoo.com,m,59
846,Carol,a9vcf30q,will.schaden@gmail.com,f,23
847,Jason,35cum6ceo6,steven.quigley@yahoo.com,m,27
848,Isaiah,dt87hh7v1,richie.cruickshank@gmail.com,f,37
849,Illa,uk55zanldr,rolande.robel@hotmail.com,f,55
850,Shizue,0ke8vjh0yb,nida.bergnaum@yahoo.com,f,18
851,Renea,lcxz7lw3,stefan.sanford@yahoo.com,f,52
852,Norman,mhav794k1p0m,tanisha.hoppe@gmail.com,m,54
853,Sherman,98ejocvgea67g,isiah.waelchi@yahoo.com,f,46
854,Dung,2m6b498x,felipe.donnelly@gmail.com,f,47
855,Mark,zykb14tj6wv,lyman.rosenbaum@gmail.com,m,51
856,Vernita,dhqdg24x8zn,barry.goodwin@yahoo.com,m,47
857,Millard,gwgzarctkbns9,normand.medhurst@hotmail.com,m,21
858,Jewel,tbs2l4toru377gv,boyd.ryan@hotmail.com,m,34
859,Lynn,v2debzi8lf6,kelvin.mann@yahoo.com,m,24
860,Edward,zib6lkvoqyx9ii,keven.sanford@hotmail.com,f,44
861,Timothy,vr2gwnecvad,basilia.conroy@gmail.com,f,34
862,Darrell,a2iktecd,arnita.lemke@hotmail.com,f,43
863,Freeda,yww9xoexo4j,kevin.fahey@yahoo.com,m,43
864,Jessica,1b22sng8i,charlott.dooley@gmail.com,m,51
865,Cliff,l81bq45mxm1,machelle.wolff@hotmail.com,m,47
866,Akiko,cxxxefns3v9rdy,pedro.ankunding@gmail.com,f,20
867,Tyler,3rkeiupnyr86,issac.keeling@gmail.com,f,48
868,Bernetta,1earfeui2f0ng,wesley.olson@gmail.com,f,41
869,Bebe,96bvngd2ct5qga,nguyet.maggio@gmail.com,f,27
870,Carroll,qm8y4n8kddg,karolyn.littel@gmail.com,m,41
871,Eddie,ow4fuqqqxq3ccz,rolf.waters@hotmail.com,m,44
872,Marcos,0w960g0phqumkb2,dwain.oreilly@gmail.com,m,58
873,Mckinley,xtt2x9p6u3o,james.kuphal@hotmail.com,f,53
874,Karan,l24jr5vp6n,allyn.dickens@gmail.com,f,31
875,Roselle,h31kxbsshw1d,janett.emmerich@gmail.com,m,29
876,Silvana,9wjj0bt7p,paul.collier@hotmail.com,m,51
877,Hobert,v3azmr1halx,tyrell.heller@yahoo.com,f,34
878,Zackary,955diu75pa,jaime.macgyver@hotmail.com,f,55
879,Jarrod,e5o3u6skyqpt,burl.schaden@hotmail.com,f,48
880,Lana,lk6drv0ogqgx,vesta.prohaska@yahoo.com,f,37
881,Mike,3co14ncv,fidel.jenkins@yahoo.com,m,50
882,Barry,4i2y9wnvd6553vn,robt.skiles@gmail.com,m,28
883,Adrian,wn8tgz1hz,troy.boyle@yahoo.com,m,55
884,Yolonda,f5y5aw2fm,lavinia.considine@yahoo.com,f,21
885,Sherry,uzsp0irbi5uk,juan.schoen@yahoo.com,m,18
886,Melody,89xxjo0d3xqoyst,willian.witting@hotmail.com,f,41
887,Brooks,hyett0h5,lupe.kihn@gmail.com,f,40
888,Jake,97d8bjdew,wade.hettinger@gmail.com,f,19
889,Sacha,6jp0ylnh2pzd8l,brande.brekke@gmail.com,m,28
890,Santo,cm9n4cb38e,jerald.stark@gmail.com,m,44
891,Joycelyn,tdnwcirxc9fmh9,johnson.schinner@yahoo.com,f,54
892,Chong,kgnigqei11kg,florida.raynor@hotmail.com,m,23
893,Javier,8b4lxfnw,dusty.leannon@gmail.com,f,52
894,Stephan,ho40bzhn35,robyn.heller@gmail.com,m,32
895,Sarina,9qt2lkkez0caf,katherin.klocko@yahoo.com,f,57
896,Majorie,9wwi2wswh6c,elena.hoeger@yahoo.com,m,38
897,Bao,qzasscrvz21v,silas.gottlieb@yahoo.com,f,38
898,Genny,qolrotntf,werner.purdy@gmail.com,f,33
899,Angelena,4bcom7mk9cpxfym,buford.oberbrunner@gmail.com,f,59
900,Ena,91vkt3cm5bzv5od,sammie.auer@hotmail.com,m,60
901,Maureen,aqgshjrqhbvs,dylan.shanahan@yahoo.com,m,56
902,Jasmine,5utj2xpc,janet.dietrich@gmail.com,m,52
903,Carolynn,jjiu0ycepkjt,tobi.lemke@yahoo.com,f,47
904,Yan,72k5vin99lr10,trey.klein@yahoo.com,f,24
905,Darron,b26frcwdd3xl,milford.moen@hotmail.com,f,47
906,Grant,8tzr3px8uo4sipu,leia.stehr@hotmail.com,m,19
907,Miquel,70c4uoxlrii7ov,jeremiah.connelly@yahoo.com,f,34
908,Verna,5kjiayk7pg92o,hyon.rutherford@gmail.com,m,24
909,Luetta,91yyn05gm,abel.kuhlman@yahoo.com,f,21
910,Tanna,d4jounti4rwz,chloe.bergstrom@gmail.com,m,58
911,Marcelle,hcpa4j5jfgh9u2,daniela.kirlin@hotmail.com,m,24
912,Blake,d2w3nykn7rw,eli.mayert@hotmail.com,f,22
913,Jana,1fj8frl1k,esta.paucek@yahoo.com,f,24
914,Margurite,s2i9xx9zixuh,aron.kozey@gmail.com,m,22
915,Roderick,tyvtvvhny54c,gaylord.denesik@yahoo.com,m,33
916,Darline,ppazyntzbi,clifton.lubowitz@yahoo.com,f,18
917,Kandi,a85t05yidya,sebrina.hickle@yahoo.com,f,56
918,Renato,5k6hjrne2,cherish.bauch@gmail.com,f,36
919,Blake,jcsga04fm,stacey.purdy@gmail.com,f,40
920,Lewis,lzz1mt9f39,jasper.herman@hotmail.com,f,38
921,Su,3lhepq1fhu,preston.walsh@yahoo.com,m,55
922,Deloise,il28le8929k8fjh,yelena.schoen@hotmail.com,m,58
923,Ross,jfhmsjyn,ayana.reilly@hotmail.com,f,51
924,Kandi,a147orx3,ron.reilly@gmail.com,m,55
925,Stephane,jb7hh50nc80b2r8,juli.lind@hotmail.com,m,22
926,Carylon,sqhvz14rio,herminia.ankunding@gmail.com,m,59
927,Nilsa,hb6wgzppgi0birp,lilly.blanda@hotmail.com,f,41
928,Jarrod,n0kf211o,raul.berge@hotmail.com,f,29
929,Mimi,5h2rxxg3kus,willard.veum@yahoo.com,f,24
930,Herman,d8ndct752fb,coy.roberts@yahoo.com,f,50
931,Cathy,zo76jzem3kax6g,layla.swift@hotmail.com,f,36
932,Kimberli,5r8zv44snhyk,simone.okon@hotmail.com,f,30
933,Deandrea,n7ce8s4e4sgj22a,archie.blick@hotmail.com,f,55
934,Jonas,fn3o0evpw5wd2,buford.stoltenberg@yahoo.com,m,26
935,Joane,m6xggcbf8g,robby.moen@gmail.com,m,54
936,Obdulia,3ze0a2w8g,lacie.koepp@hotmail.com,f,43
937,Lamont,9mm3lh9sfjf,gemma.shields@hotmail.com,f,30
938,Lucina,60pgexo4kpeo38,tomeka.armstrong@yahoo.com,f,28
939,Cleo,kp11tcm4,sarita.hansen@yahoo.com,f,56
940,Dexter,vad2s3ear,lesli.johnson@gmail.com,m,48
941,Teodoro,23lhlrxoh33,eugenio.damore@hotmail.com,f,24
942,Lavern,g1d9tjmp4gpc,sung.hudson@yahoo.com,m,21
943,Harry,52uuongz2iouj3,valentine.roob@yahoo.com,f,57
944,Emilio,3q7gdr8wj8pufl5,raphael.jenkins@gmail.com,m,34
945,Lili,5zw97w1n75u,kristan.yost@gmail.com,f,35
946,Garfield,2pwz5b5n,janeen.koepp@gmail.com,f,49
947,Coreen,30pd26fstvovnc,miguel.boehm@yahoo.com,f,50
948,Rema,dzos0u4wkux1dc,soila.bartell@yahoo.com,m,19
949,Joesph,e75k46l73xhq3n5,merrill.gaylord@gmail.com,f,33
950,Gregorio,iue8lai998um,sonja.leffler@gmail.com,f,33
951,Mirtha,9v2vmu8bm9nn2j3,clara.huels@yahoo.com,f,41
952,Thu,uzsnizd91sg,karolyn.wilderman@gmail.com,f,36
953,Aaron,84a0kw46ode2g,valentin.runolfsson@yahoo.com,f,42
954,Fernando,z6qk0hzmbx,irena.kihn@gmail.com,f,30
955,Kurt,uv8ghy1efdb9fw9,carole.jaskolski@yahoo.com,f,39
956,Walker,4zzhejuun2x96,sheree.bednar@gmail.com,m,25
957,Winfred,z1yg8jxvtrwck8,mauricio.daugherty@yahoo.com,m,30
958,Eleonora,hw9i3ov9ht,alise.towne@yahoo.com,f,36
959,Louie,ai0fd3xn,humberto.gaylord@yahoo.com,m,45
960,Jerry,c7vtq5ew0x58q,carry.kiehn@hotmail.com,f,24
961,Edra,3m5r5nazg,janay.wiza@gmail.com,m,44
962,Aaron,pcvj7p2uixwi,erich.tillman@gmail.com,m,52
963,Cletus,mmoq9sigk6499,tonita.heller@hotmail.com,m,55
964,Kenneth,hpw007whhy7,laurence.towne@yahoo.com,m,43
965,Lenora,49g4ql8dn21vwe,gordon.considine@yahoo.com,f,31
966,Lindsy,y46jlyhaybmdb,ernie.rutherford@yahoo.com,m,37
967,Trenton,4q9mnfwf550w9,idalia.padberg@yahoo.com,m,43
968,Jennifer,xihta6a1i5bo0od,dario.bogan@hotmail.com,f,35
969,Nicky,pp8267mi5,guillermo.rippin@hotmail.com,f,33
970,Ashlie,iuwhs578w6i,pinkie.kuphal@yahoo.com,m,33
971,Mariann,wdvceyv7wx00,mervin.skiles@yahoo.com,m,32
972,Loree,1c09p140r5u,adela.koepp@gmail.com,f,26
973,Sharleen,awn16g08jqwfp,enoch.abshire@gmail.com,f,53
974,Bo,xf6litld,beau.jast@yahoo.com,f,18
975,Sindy,op4wuq1fei727b,jazmin.crooks@hotmail.com,f,47
976,Wava,sr4e4vs565u,kristi.pacocha@gmail.com,f,55
977,Brock,k4m36mogsh5mc,wilber.swaniawski@gmail.com,f,45
978,Carol,e2l5q2seua,claris.spencer@yahoo.com,f,36
979,Guadalupe,i31ir8an4,nathaniel.hammes@gmail.com,m,45
980,Jonelle,e4z0hule1k6hk,rhiannon.stoltenberg@gmail.com,m,36
981,Ismael,7gwx4uiu50jm,gertude.smith@gmail.com,f,46
982,Ashley,m4b1wkvc514d0z,bobby.gislason@yahoo.com,m,50
983,Josefa,ffamudkg,german.beahan@gmail.com,f,40
984,Carmelo,mgozkt6v5t,allan.turcotte@yahoo.com,f,23
985,Jose,khhxmbr7mkt,len.dare@hotmail.com,f,58
986,Nan,hx5rgznj90o,sheena.stark@hotmail.com,m,48
987,Hue,qssn4of6ud6waq,judie.block@gmail.com,m,19
988,Jan,4ejl8fxv0q7z4,carey.moore@gmail.com,m,25
989,Roger,kjg7sapu4jm6c,enid.emmerich@hotmail.com,f,41
990,Hassan,crr5j31ckxqh5l,huong.gleason@hotmail.com,f,54
991,Myrna,0krn455q9f1,humberto.hayes@hotmail.com,f,52
992,Rodney,r4joers3euiwzq4,albert.kub@yahoo.com,m,18
993,Dewitt,vk33j3ehjdg,jamel.hamill@gmail.com,m,19
994,Florida,56fz8kc4,dominic.kerluke@hotmail.com,m,38
995,Jewel,tmwihp762m8t,grady.luettgen@yahoo.com,m,49
996,Elke,e7y2uhml4vj7d,tiny.haag@hotmail.com,m,38
997,Lauryn,hjq6bu9y,ricarda.runolfsdottir@yahoo.com,f,41
998,Mertie,a0bsl6m2u3m,essie.windler@yahoo.com,f,53
999,Bud,gjs4tg9769,alpha.weimann@gmail.com,m,53
1000,Angelo,uv29izmmua8k1,jonnie.lehner@yahoo.com,f,33
